{
    "DummyClassifier": {
        "f1": 0.048154093097913325,
        "roc_auc": 0.499106056943789,
        "accuracy_score": 0.90512,
        "r2": -1.0313773464634997
    },
    "LogisticRegression": {
        "f1": 0.2572658772874058,
        "roc_auc": 0.8418608704517014,
        "accuracy_score": 0.7792,
        "r2": -3.727319963102242
    },
    "DecisionTreeClassifier": {
        "f1": 0.4023552502453386,
        "roc_auc": 0.8073349918690096,
        "accuracy_score": 0.90256,
        "r2": -1.0861868532820762
    },
    "RandomForestClassifier": {
        "f1": 0.6171171171171171,
        "roc_auc": 0.9039973121417857,
        "accuracy_score": 0.9728,
        "r2": 0.41764899005262235
    },
    "GradientBoostingClassifier": {
        "f1": 0.6919831223628692,
        "roc_auc": 0.9003294599454863,
        "accuracy_score": 0.97664,
        "r2": 0.4998632502804875
    },
    "StackingClassifier": {
        "f1": 0.7869481765834933,
        "roc_auc": 0.9044747029461755,
        "accuracy_score": 0.98224,
        "r2": 0.619759046446124
    }
}